Nuclide,Concentration,sigma Concentration
Cu80,3.119951022960229e-10,2.004528254841781e-10
Rb97,9.884404390803804e-05,1.4025081005467276e-05
Sn137,6.64255242484076e-08,4.281840831088093e-08
Rh117,6.336373360780286e-06,4.099930185585952e-06
Zn82,3.827828645074522e-08,2.450406398753393e-08
Ni76,1.914336482878104e-09,1.2253719418304947e-09
Ag128,1.4664314181857866e-14,9.400348352416019e-15
Rb102,1.3968121838393133e-10,9.136707632230562e-11
Ag126,1.3665559995999743e-12,8.747957868181175e-13
Te136,0.37145249359884425,0.03684455952244577
Pd127,1.8366220561866707e-21,1.1794070861338567e-21
Se89,0.00040076866182387334,0.00011468923440760976
Y105,2.763124101479045e-07,1.7792740465621804e-07
Cd128,1.200596730239502e-05,7.684501989780481e-06
Tc116,9.876290931054235e-10,6.342152243270843e-10
Se88,0.008725670102436401,0.0016103097989740584
Sn136,4.469327600809717e-07,2.8610385621492065e-07
Cd131,1.567338860024903e-05,1.0423246761221736e-05
I138,0.14378183654226137,0.00738092441091746
Zn80,2.287123077337393e-06,1.4638078053115882e-06
Sb139,4.471576884286194e-08,2.8703357344779696e-08
As85,0.006653360755611069,0.00425821510283963
Kr93,0.009954561927852018,0.00046187957585652837
Rb93,0.30198094592393293,0.005821813919733452
Sr99,0.0006840018870407429,0.00014091802915365472
Ag127,2.6941570244741086e-13,1.7244748256361564e-13
Zn83,7.587942699270835e-10,4.861648669530365e-10
Rh124,1.317362648019933e-14,8.485799335737544e-15
Ag121,3.9138522994617927e-05,1.3601679285832257e-05
Se87,0.062451803367402935,0.0037407479198569055
Br90,0.016766239035426535,0.001051942666338339
Rh116,1.6833222701092596e-05,1.0873991390751045e-05
Cs146,6.112782943838794e-05,2.0230510044235075e-05
Rb98,1.1111349589243446e-05,4.60401868679116e-06
Nb107,3.912493986932497e-05,2.508481617918656e-05
Cd129,6.704820593435391e-09,4.294759460349018e-09
In130,0.0007418748556180965,0.0002468110512361579
Nb104,0.006706392856196554,0.0043187346962282784
Nb105,0.014313971012599316,0.004215123848896034
Xe146,1.1968117223384662e-07,6.998197933511106e-08
Rh122,2.34816607056694e-11,1.504336202637936e-11
Sn135,1.1516068067321044e-05,5.95250625340372e-06
Tc112,8.549686399521445e-06,5.478961418588178e-06
In127,0.002334005486818431,0.00041732380401367995
Cs150,2.8325501102290097e-10,1.815865564460341e-10
Pd126,0.0,0.0
Ru119,2.492105711517945e-10,1.5965735342914224e-10
Rb92,0.31046562120638826,0.005415298698972368
Nb106,0.0006991074648942952,0.00035928195465386245
Xe145,1.9493607264022407e-06,1.1892804191937006e-06
La149,0.0017698988890915686,0.0010278005186328588
Co75,3.983443711434402e-13,2.555777711492282e-13
Y100,0.010053745359492567,0.005545365975430271
Kr95,2.1642104434272682e-05,1.0272138585381986e-05
Kr98,9.703877356272816e-07,6.275780409707926e-07
Nb110,2.72365887498078e-08,1.7625407623285278e-08
Te137,0.01841686961734059,0.0024003672807921587
Ga81,0.00014968035446120864,3.0328868995195228e-05
Rh118,1.2216540001157338e-06,7.830249322276764e-07
As87,0.00036726542809328237,0.00017067168386323422
Zr105,0.0011597152301053239,0.0007438169969402623
As84,0.007818287034828862,0.0050050756355145285
Cu73,3.628710540188767e-06,2.3259850980443915e-06
Br91,0.0019750917992539508,0.0003224796187942117
Nb109,8.739227151016486e-07,5.657429551890969e-07
Sr101,1.1052274127136074e-05,5.73035111097771e-06
Te138,0.0019087297014339954,0.0008040684073677114
Rb95,0.004457915583677064,0.00030997827217864
Ga82,5.661368461211863e-05,3.6233255062432184e-05
La150,0.00015365829435237658,9.852577263400666e-05
Mn69,1.1506290659448556e-13,7.469142630827825e-14
Y102,0.0012168645038974585,0.0007581592424983709
Pd124,6.405471384033167e-10,4.10459827748859e-10
Br89,0.07061365229886706,0.003225780945051474
Cu77,3.2883768321162164e-07,2.1046103474122743e-07
Ru120,6.321956065607958e-12,4.055807566228364e-12
Co72,8.219551170066798e-11,5.2612120703889907e-11
Ag124,1.1961375466177736e-06,7.83346609221635e-07
Tc114,1.1045204705031464e-07,7.406052033789203e-08
Cs144,0.007066471910833082,0.0006504975058304286
Br88,0.41470069266932635,0.015258378692793471
Rb99,7.433374824143002e-07,4.758741360333016e-07
Ga83,1.6983238957259143e-06,1.0869411087348493e-06
Zr106,9.605570053132736e-08,6.15955680804897e-08
Xe147,3.2314501563586603e-09,2.1296804203363497e-09
Ga80,0.00022760914193223916,6.808249119945713e-05
In133,1.2825697946023977e-06,8.251795873235754e-07
Ru117,6.478688702697007e-08,4.148333922735342e-08
Ag125,2.0075226645946934e-08,1.311891965347068e-08
Rh121,5.778561433034068e-10,3.701653668806877e-10
I137,1.124883996671712,0.036511612596349136
Cs142,0.06751075815845875,0.002570603237750841
Cs147,9.42927671179463e-06,6.034877089425987e-06
In128,0.00018515600091790428,0.00012125799377666578
Cu79,5.187057281392289e-09,3.32001869958931e-09
Kr97,6.120277560781505e-08,3.9367684925001434e-08
Sb134,0.06121052567179954,0.03917957608041593
Cd130,0.00015488037773644188,9.91621278521787e-05
Ge85,2.472367262773268e-05,1.5825949552697886e-05
Y99,0.047229472611507894,0.0036985953470681206
Sb140,2.2277131946964026e-09,1.4286859167688342e-09
Rb101,1.6599520019262258e-09,1.0885135197405837e-09
Pd122,7.140415345845826e-08,4.573532453910508e-08
Kr92,0.04576464673689404,0.00140817874136106
Cu81,1.6580134093189317e-11,1.0722471012800747e-11
Ag123,2.076755904622061e-06,1.3302804913781086e-06
Br87,1.613172028625597,0.03500257170613949
Sn133,0.003380168924740183,0.001527769408816989
Zn84,9.215345558846408e-10,6.060025187057695e-10
Ag122,1.7218686499393215e-06,1.1830880842667757e-06
I139,0.027862206731330403,0.0027668873242739913
Br92,0.00017956756774146004,0.00011516952272269984
Co73,3.5403084363953135e-11,2.2686182130984923e-11
Br93,1.1922242997979442e-05,5.607677951950299e-06
In129,0.0004964151328898405,0.00017704721098212668
Y97,0.08300936902537666,0.018341329943598304
Rh120,1.8075694537022572e-08,1.158837951994366e-08
Xe144,6.650431295523878e-05,7.413204019139573e-06
Cd132,1.1028021485746955e-08,7.088415683200806e-09
Xe142,0.008734404596595503,0.0007717214662392944
Cu75,1.841674108763976e-06,1.1786780245538553e-06
Ni77,1.9930357141235271e-10,1.2766074672988774e-10
Mn66,1.0035518120164117e-11,6.425070793366717e-12
Co71,4.1785186194658653e-10,2.6788428230903487e-10
Sn134,0.00033758172126008317,0.00021630680379158422
Zn79,1.8556571217110535e-05,8.755041494952658e-06
Cu74,1.7729931107953449e-06,1.1348210676803998e-06
Mo110,2.8201405889307312e-05,1.8075630147105326e-05
Tc111,3.1771370825182855e-05,2.0448226309628567e-05
Cs148,2.9493153810400625e-07,1.8877038232218619e-07
Ga84,1.4500620138828879e-05,9.28822162704711e-06
Co70,5.220667574636474e-09,3.341990015635059e-09
Tc109,0.0005203764432953729,0.00016049112601211824
Ga86,2.2319718521399998e-08,1.4313386139684454e-08
Ru116,5.743691422482375e-07,3.679876042689996e-07
Sb136,0.00030568294518464934,0.00019569188025011738
Rh123,8.024841809363674e-13,5.147283928663602e-13
Zr103,0.012249494448121324,0.006736348916645337
Cd127,4.034103827330181e-05,1.8718396672143557e-05
Rh119,1.5792294141133458e-07,1.0119476469782427e-07
La148,0.007880688724128181,0.0048148686975924134
I141,0.0003122330510313359,0.00010391235434038751
Sr97,0.011192718346964479,0.0005137801583767754
In134,4.869767932653489e-08,3.1259928799991265e-08
Mn70,6.387936031743079e-15,4.124539600281494e-15
Cs143,0.039438108913487376,0.0018528385390435378
Pd121,6.11809252628598e-07,3.915644058359829e-07
Pd128,6.611138771852354e-16,4.3295987704842083e-16
Zr107,2.4251071376241803e-09,1.5528276718413908e-09
Ba149,1.6988892186630768e-05,1.0876743125940358e-05
Ga79,0.000776637547547752,0.0001091030347801554
Co68,2.993155938864235e-08,1.9961406983167857e-08
Y101,0.0021423491599582094,0.0002490686180773977
Pd125,9.571390082897755e-12,6.130963557325236e-12
Sb135,0.004583013179731559,0.0004883741237386519
Y104,4.139597073282549e-06,2.677971741982095e-06
Co74,3.714583466847598e-12,2.383938917381913e-12
Cu76,7.730088290947924e-07,4.94820688699058e-07
Rb100,2.434429436958616e-05,1.5609569662173555e-05
Cu78,6.869117893047866e-08,4.396440071032322e-08
Kr94,0.0003645196368625332,7.898348785454662e-05
Ga85,7.137762224471928e-09,4.569118997639451e-09
Ba148,0.00029964949642038893,0.00015635557535715374
Ru121,2.648135217281255e-13,1.7153741900402487e-13
Pd123,4.8987180778214895e-09,3.1379744042959607e-09
Se91,6.1292580625776354e-06,4.083649600135913e-06
As86,0.007312327422157877,0.001248226404037368
Ge86,0.0019138843158365434,0.0003605993570088887
Tc113,1.1468694994298554e-06,7.364742582422146e-07
Sb137,0.0005296226051203003,0.0003399669488571203
Sr98,0.008366125138553443,0.0006899417912009069
Ru118,6.521136950883246e-09,4.178204491630281e-09
Ag129,8.146975127905937e-17,5.235192892339521e-17
Br94,5.582562850322886e-07,3.453630888004618e-07
Ge84,0.00045104752694433245,0.0001279529210628389
Mo111,2.924221701893955e-06,1.8768458562140055e-06
Ag120,2.7586604600415468e-05,1.7931562214081935e-05
Sb138,1.1157919796704903e-06,7.145188610770758e-07
Rb94,0.06742443525810204,0.003187590077704834
Cs149,3.81276581239941e-09,2.44952322266523e-09
Cs141,1.5149292936627432,0.030243084671351995
Zn81,7.268557156836453e-08,4.733474047986085e-08
I140,0.0016204718297961255,0.00045796333619904
Tc115,9.544240702899129e-09,6.113200861999318e-09
Ga87,1.7190557841372488e-11,1.1254572026525765e-11
In132,2.6577870678371435e-05,6.257979479930021e-06
La147,0.05646805136735979,0.004083902249234997
Y103,3.096588292065301e-05,1.9929011791787224e-05
Mn68,1.3118638780084598e-12,8.428952643773895e-13
Ni75,8.551238569868773e-09,5.473421461079408e-09
Kr96,4.343509840966059e-05,2.8057050158493928e-05
Kr99,5.173888915053951e-10,3.651111255149778e-10
Xe143,0.00026780246606506467,0.00017142265490239716
Sr100,0.00016219761776882394,5.541832406944447e-05
Rb96,0.0007447792770115062,0.00013146288975341948
Xe141,0.033628303156581864,0.001098400502873031
Cs145,0.0008424761561147824,0.0002012716433636504
Ba147,0.003557587610769557,0.00072776498354934
Sr102,4.966120351552528e-07,2.906831091331771e-07
Zr104,0.0017338363448713078,0.0004261530227089933
Tc110,0.00028660053033675804,0.00018347723482393371
Nb108,2.644076146886239e-06,1.6942242392122814e-06
Mo109,0.00023657536119163253,0.00015166918583668084
Y98,0.06743365234817927,0.015236638135122315
In131,0.00011538213274612227,4.4513428102614914e-05
